"Vbe","Ib","Ie"
0.0,-4e-07,-5.12e-08
0.00500500500501,-3.73e-07,-5.15e-08
0.01001001001,-3.67e-07,-5.18e-08
0.015015015015,-3.64e-07,-5.18e-08
0.02002002002,-3.61e-07,-5.2e-08
0.025025025025,-3.6e-07,-5.22e-08
0.03003003003,-3.58e-07,-5.22e-08
0.035035035035,-3.56e-07,-5.24e-08
0.04004004004,-3.55e-07,-5.28e-08
0.045045045045,-3.54e-07,-5.29e-08
0.0500500500501,-3.53e-07,-5.28e-08
0.0550550550551,-3.52e-07,-5.28e-08
0.0600600600601,-3.51e-07,-5.28e-08
0.0650650650651,-3.5e-07,-5.32e-08
0.0700700700701,-3.49e-07,-5.34e-08
0.0750750750751,-3.48e-07,-5.32e-08
0.0800800800801,-3.48e-07,-5.34e-08
0.0850850850851,-3.47e-07,-5.35e-08
0.0900900900901,-3.47e-07,-5.37e-08
0.0950950950951,-3.46e-07,-5.36e-08
0.1001001001,-3.45e-07,-5.39e-08
0.105105105105,-3.44e-07,-5.42e-08
0.11011011011,-3.43e-07,-5.42e-08
0.115115115115,-3.42e-07,-5.43e-08
0.12012012012,-3.42e-07,-5.45e-08
0.125125125125,-3.41e-07,-5.48e-08
0.13013013013,-3.4e-07,-5.45e-08
0.135135135135,-3.39e-07,-5.49e-08
0.14014014014,-3.39e-07,-5.49e-08
0.145145145145,-3.39e-07,-5.48e-08
0.15015015015,-3.38e-07,-5.49e-08
0.155155155155,-3.37e-07,-5.55e-08
0.16016016016,-3.37e-07,-5.54e-08
0.165165165165,-3.36e-07,-5.56e-08
0.17017017017,-3.36e-07,-5.58e-08
0.175175175175,-3.35e-07,-5.59e-08
0.18018018018,-3.34e-07,-5.94e-08
0.185185185185,-3.34e-07,-5.6e-08
0.19019019019,-3.33e-07,-5.62e-08
0.195195195195,-3.31e-07,-5.64e-08
0.2002002002,-3.31e-07,-5.67e-08
0.205205205205,-3.29e-07,-5.64e-08
0.21021021021,-3.29e-07,-5.69e-08
0.215215215215,-3.28e-07,-5.7e-08
0.22022022022,-3.27e-07,-5.76e-08
0.225225225225,-3.27e-07,-5.83e-08
0.23023023023,-3.26e-07,-5.88e-08
0.235235235235,-3.26e-07,-5.93e-08
0.24024024024,-3.25e-07,-6.04e-08
0.245245245245,-3.24e-07,-6.11e-08
0.25025025025,-3.22e-07,-6.23e-08
0.255255255255,-3.23e-07,-6.4e-08
0.26026026026,-3.21e-07,-6.56e-08
0.265265265265,-3.21e-07,-6.77e-08
0.27027027027,-3.2e-07,-6.96e-08
0.275275275275,-3.2e-07,-7.25e-08
0.28028028028,-3.19e-07,-7.58e-08
0.285285285285,-3.18e-07,-7.97e-08
0.29029029029,-3.17e-07,-8.46e-08
0.295295295295,-3.17e-07,-9.04e-08
0.3003003003,-3.16e-07,-9.75e-08
0.305305305305,-3.16e-07,-1.059e-07
0.31031031031,-3.15e-07,-1.157e-07
0.315315315315,-3.14e-07,-1.281e-07
0.32032032032,-3.13e-07,-1.427e-07
0.325325325325,-3.14e-07,-1.607e-07
0.33033033033,-3.13e-07,-1.819e-07
0.335335335335,-3.11e-07,-2.14e-07
0.34034034034,-3.11e-07,-2.46e-07
0.345345345345,-3.09e-07,-2.85e-07
0.35035035035,-3.09e-07,-3.33e-07
0.355355355355,-3.09e-07,-3.91e-07
0.36036036036,-3.08e-07,-4.61e-07
0.365365365365,-3.08e-07,-5.44e-07
0.37037037037,-3.07e-07,-6.45e-07
0.375375375375,-3.06e-07,-7.68e-07
0.38038038038,-3.06e-07,-9.17e-07
0.385385385385,-3.05e-07,-1.097e-06
0.39039039039,-3.05e-07,-1.308e-06
0.395395395395,-3.04e-07,-1.562e-06
0.4004004004,-3.03e-07,-1.864e-06
0.405405405405,-3.01e-07,-2.29e-06
0.41041041041,-2.99e-07,-2.74e-06
0.415415415415,-3e-07,-3.29e-06
0.42042042042,-2.98e-07,-3.96e-06
0.425425425425,-2.97e-07,-4.76e-06
0.43043043043,-2.96e-07,-5.72e-06
0.435435435435,-2.95e-07,-6.88e-06
0.44044044044,-2.93e-07,-8.28e-06
0.445445445445,-2.9e-07,-9.96e-06
0.45045045045,-2.88e-07,-1.204e-05
0.455455455455,-2.86e-07,-1.455e-05
0.46046046046,-2.83e-07,-1.757e-05
0.465465465465,-2.78e-07,-2.19e-05
0.47047047047,-2.72e-07,-2.65e-05
0.475475475475,-2.67e-07,-3.21e-05
0.48048048048,-2.59e-07,-3.89e-05
0.485485485485,-2.52e-07,-4.71e-05
0.49049049049,-2.43e-07,-5.71e-05
0.495495495495,-2.32e-07,-6.9e-05
0.500500500501,-2.042e-07,-8.58e-05
0.505505505506,-1.97e-07,-0.0001036
0.510510510511,-1.778e-07,-0.000125
0.515515515516,-1.548e-07,-0.0001506
0.520520520521,-1.271e-07,-0.0001808
0.525525525526,-9.06e-08,-0.000221
0.530530530531,-5.06e-08,-0.000265
0.535535535536,-3e-09,-0.000317
0.540540540541,5.54e-08,-0.00038
0.545545545546,1.245e-07,-0.000455
0.550550550551,2.15e-07,-0.000557
0.555555555556,3.18e-07,-0.000672
0.560560560561,4.45e-07,-0.00081
0.565565565566,5.94e-07,-0.000974
0.570570570571,7.75e-07,-0.001171
0.575575575576,9.92e-07,-0.001408
0.580580580581,1.252e-06,-0.001691
0.585585585586,1.604e-06,-0.00206
0.590590590591,1.987e-06,-0.00247
0.595595595596,2.52e-06,-0.00307
0.600600600601,3.1e-06,-0.0037
0.605605605606,3.8e-06,-0.00446
0.610610610611,4.63e-06,-0.00535
0.615615615616,5.63e-06,-0.00642
0.620620620621,6.82e-06,-0.00768
0.625625625626,8.21e-06,-0.00916
0.630630630631,9.87e-06,-0.01091
0.635635635636,1.18e-05,-0.01295
0.640640640641,1.408e-05,-0.01531
0.645645645646,1.665e-05,-0.01798
0.650650650651,1.957e-05,-0.02034
0.655655655656,2.3e-05,-0.02034
0.660660660661,2.59e-05,-0.02034
0.665665665666,2.6e-05,-0.02034
0.670670670671,2.6e-05,-0.02034
0.675675675676,2.6e-05,-0.02034
0.680680680681,2.6e-05,-0.02034
0.685685685686,2.6e-05,-0.02034
0.690690690691,2.6e-05,-0.02034
0.695695695696,2.6e-05,-0.02034
0.700700700701,2.6e-05,-0.02034
0.705705705706,2.6e-05,-0.02034
0.710710710711,2.6e-05,-0.02034
0.715715715716,2.6e-05,-0.02034
0.720720720721,2.6e-05,-0.02034
0.725725725726,2.6e-05,-0.02034
0.730730730731,2.6e-05,-0.02034
0.735735735736,2.6e-05,-0.02034
0.740740740741,2.6e-05,-0.02034
0.745745745746,2.6e-05,-0.02034
0.750750750751,2.6e-05,-0.02034
0.755755755756,2.6e-05,-0.02034
0.760760760761,2.6e-05,-0.02034
0.765765765766,2.6e-05,-0.02034
0.770770770771,2.6e-05,-0.02034
0.775775775776,2.6e-05,-0.02034
0.780780780781,2.6e-05,-0.02034
0.785785785786,2.61e-05,-0.02034
0.790790790791,2.61e-05,-0.02034
0.795795795796,2.61e-05,-0.02034
0.800800800801,2.61e-05,-0.02034
0.805805805806,2.61e-05,-0.02034
0.810810810811,2.61e-05,-0.02034
0.815815815816,2.61e-05,-0.02034
0.820820820821,2.61e-05,-0.02034
0.825825825826,2.61e-05,-0.02034
0.830830830831,2.62e-05,-0.02034
0.835835835836,2.62e-05,-0.02034
0.840840840841,2.62e-05,-0.02034
0.845845845846,2.62e-05,-0.02034
0.850850850851,2.62e-05,-0.02034
0.855855855856,2.62e-05,-0.02034
0.860860860861,2.62e-05,-0.02034
0.865865865866,2.62e-05,-0.02034
0.870870870871,2.62e-05,-0.02034
0.875875875876,2.63e-05,-0.02034
0.880880880881,2.63e-05,-0.02034
0.885885885886,2.63e-05,-0.02034
0.890890890891,2.63e-05,-0.02034
0.895895895896,2.63e-05,-0.02034
0.900900900901,2.63e-05,-0.02034
0.905905905906,2.64e-05,-0.02034
0.910910910911,2.64e-05,-0.02034
0.915915915916,2.64e-05,-0.02034
0.920920920921,2.64e-05,-0.02034
0.925925925926,2.64e-05,-0.02034
0.930930930931,2.64e-05,-0.02034
0.935935935936,2.64e-05,-0.02034
0.940940940941,2.65e-05,-0.02034
0.945945945946,2.65e-05,-0.02034
0.950950950951,2.65e-05,-0.02034
0.955955955956,2.65e-05,-0.02034
0.960960960961,2.65e-05,-0.02034
0.965965965966,2.65e-05,-0.02034
0.970970970971,2.65e-05,-0.02034
0.975975975976,2.66e-05,-0.02034
0.980980980981,2.66e-05,-0.02034
0.985985985986,2.66e-05,-0.02034
0.990990990991,2.66e-05,-0.02034
0.995995995996,2.66e-05,-0.02034
1.001001001,2.66e-05,-0.02034
1.00600600601,2.66e-05,-0.02034
1.01101101101,2.67e-05,-0.02034
1.01601601602,2.67e-05,-0.02034
1.02102102102,2.67e-05,-0.02034
1.02602602603,2.67e-05,-0.02034
1.03103103103,2.67e-05,-0.02034
1.03603603604,2.67e-05,-0.02034
1.04104104104,2.68e-05,-0.02034
1.04604604605,2.68e-05,-0.02034
1.05105105105,2.68e-05,-0.02034
1.05605605606,2.68e-05,-0.02034
1.06106106106,2.68e-05,-0.02034
1.06606606607,2.69e-05,-0.02034
1.07107107107,2.69e-05,-0.02034
1.07607607608,2.69e-05,-0.02034
1.08108108108,2.69e-05,-0.02034
1.08608608609,2.69e-05,-0.02034
1.09109109109,2.69e-05,-0.02034
1.0960960961,2.69e-05,-0.02034
1.1011011011,2.7e-05,-0.02034
1.10610610611,2.7e-05,-0.02034
1.11111111111,2.7e-05,-0.02034
1.11611611612,2.7e-05,-0.02034
1.12112112112,2.7e-05,-0.02034
1.12612612613,2.7e-05,-0.02034
1.13113113113,2.71e-05,-0.02034
1.13613613614,2.71e-05,-0.02034
1.14114114114,2.71e-05,-0.02034
1.14614614615,2.71e-05,-0.02034
1.15115115115,2.71e-05,-0.02034
1.15615615616,2.72e-05,-0.02034
1.16116116116,2.72e-05,-0.02034
1.16616616617,2.72e-05,-0.02034
1.17117117117,2.72e-05,-0.02034
1.17617617618,2.72e-05,-0.02034
1.18118118118,2.72e-05,-0.02034
1.18618618619,2.73e-05,-0.02034
1.19119119119,2.73e-05,-0.02034
1.1961961962,2.73e-05,-0.02034
1.2012012012,2.73e-05,-0.02034
1.20620620621,2.73e-05,-0.02034
1.21121121121,2.73e-05,-0.02034
1.21621621622,2.74e-05,-0.02034
1.22122122122,2.74e-05,-0.02034
1.22622622623,2.74e-05,-0.02034
1.23123123123,2.74e-05,-0.02034
1.23623623624,2.74e-05,-0.02034
1.24124124124,2.75e-05,-0.02034
1.24624624625,2.75e-05,-0.02034
1.25125125125,2.75e-05,-0.02034
1.25625625626,2.75e-05,-0.02034
1.26126126126,2.75e-05,-0.02034
1.26626626627,2.75e-05,-0.02034
1.27127127127,2.76e-05,-0.02034
1.27627627628,2.76e-05,-0.02034
1.28128128128,2.76e-05,-0.02034
1.28628628629,2.76e-05,-0.02034
1.29129129129,2.76e-05,-0.02034
1.2962962963,2.77e-05,-0.02034
1.3013013013,2.77e-05,-0.02034
1.30630630631,2.77e-05,-0.02034
1.31131131131,2.77e-05,-0.02034
1.31631631632,2.77e-05,-0.02034
1.32132132132,2.78e-05,-0.02034
1.32632632633,2.78e-05,-0.02034
1.33133133133,2.78e-05,-0.02034
1.33633633634,2.78e-05,-0.02034
1.34134134134,2.78e-05,-0.02034
1.34634634635,2.78e-05,-0.02034
1.35135135135,2.79e-05,-0.02034
1.35635635636,2.79e-05,-0.02034
1.36136136136,2.79e-05,-0.02034
1.36636636637,2.79e-05,-0.02034
1.37137137137,2.79e-05,-0.02034
1.37637637638,2.8e-05,-0.02034
1.38138138138,2.8e-05,-0.02034
1.38638638639,2.8e-05,-0.02034
1.39139139139,2.8e-05,-0.02034
1.3963963964,2.8e-05,-0.02034
1.4014014014,2.8e-05,-0.02034
1.40640640641,2.81e-05,-0.02034
1.41141141141,2.81e-05,-0.02034
1.41641641642,2.81e-05,-0.02034
1.42142142142,2.81e-05,-0.02034
1.42642642643,2.81e-05,-0.02034
1.43143143143,2.81e-05,-0.02034
1.43643643644,2.82e-05,-0.02034
1.44144144144,2.82e-05,-0.02034
1.44644644645,2.82e-05,-0.02034
1.45145145145,2.82e-05,-0.02034
1.45645645646,2.82e-05,-0.02034
1.46146146146,2.83e-05,-0.02034
1.46646646647,2.83e-05,-0.02034
1.47147147147,2.83e-05,-0.02034
1.47647647648,2.83e-05,-0.02034
1.48148148148,2.83e-05,-0.02034
1.48648648649,2.83e-05,-0.02034
1.49149149149,2.84e-05,-0.02034
1.4964964965,2.84e-05,-0.02034
1.5015015015,2.84e-05,-0.02034
1.50650650651,2.84e-05,-0.02034
1.51151151151,2.85e-05,-0.02034
1.51651651652,2.85e-05,-0.02034
1.52152152152,2.85e-05,-0.02034
1.52652652653,2.85e-05,-0.02034
1.53153153153,2.85e-05,-0.02034
1.53653653654,2.86e-05,-0.02034
1.54154154154,2.86e-05,-0.02034
1.54654654655,2.86e-05,-0.02034
1.55155155155,2.86e-05,-0.02034
1.55655655656,2.86e-05,-0.02034
1.56156156156,2.86e-05,-0.02034
1.56656656657,2.87e-05,-0.02034
1.57157157157,2.87e-05,-0.02034
1.57657657658,2.87e-05,-0.02034
1.58158158158,2.87e-05,-0.02034
1.58658658659,2.88e-05,-0.02034
1.59159159159,2.88e-05,-0.02034
1.5965965966,2.88e-05,-0.02034
1.6016016016,2.88e-05,-0.02034
1.60660660661,2.88e-05,-0.02034
1.61161161161,2.88e-05,-0.02034
1.61661661662,2.89e-05,-0.02034
1.62162162162,2.89e-05,-0.02034
1.62662662663,2.89e-05,-0.02034
1.63163163163,2.89e-05,-0.02034
1.63663663664,2.9e-05,-0.02034
1.64164164164,2.9e-05,-0.02034
1.64664664665,2.9e-05,-0.02034
1.65165165165,2.9e-05,-0.02034
1.65665665666,2.9e-05,-0.02034
1.66166166166,2.9e-05,-0.02034
1.66666666667,2.91e-05,-0.02034
1.67167167167,2.91e-05,-0.02034
1.67667667668,2.91e-05,-0.02034
1.68168168168,2.91e-05,-0.02034
1.68668668669,2.91e-05,-0.02034
1.69169169169,2.92e-05,-0.02034
1.6966966967,2.92e-05,-0.02034
1.7017017017,2.92e-05,-0.02034
1.70670670671,2.92e-05,-0.02034
1.71171171171,2.92e-05,-0.02034
1.71671671672,2.93e-05,-0.02034
1.72172172172,2.93e-05,-0.02034
1.72672672673,2.93e-05,-0.02034
1.73173173173,2.93e-05,-0.02034
1.73673673674,2.93e-05,-0.02034
1.74174174174,2.94e-05,-0.02034
1.74674674675,2.94e-05,-0.02034
1.75175175175,2.94e-05,-0.02034
1.75675675676,2.94e-05,-0.02034
1.76176176176,2.94e-05,-0.02034
1.76676676677,2.94e-05,-0.02034
1.77177177177,2.95e-05,-0.02034
1.77677677678,2.95e-05,-0.02034
1.78178178178,2.95e-05,-0.02034
1.78678678679,2.95e-05,-0.02034
1.79179179179,2.96e-05,-0.02034
1.7967967968,2.96e-05,-0.02034
1.8018018018,2.96e-05,-0.02034
1.80680680681,2.96e-05,-0.02034
1.81181181181,2.96e-05,-0.02034
1.81681681682,2.97e-05,-0.02034
1.82182182182,2.97e-05,-0.02034
1.82682682683,2.97e-05,-0.02034
1.83183183183,2.97e-05,-0.02034
1.83683683684,2.97e-05,-0.02034
1.84184184184,2.97e-05,-0.02034
1.84684684685,2.98e-05,-0.02034
1.85185185185,2.98e-05,-0.02034
1.85685685686,2.98e-05,-0.02034
1.86186186186,2.98e-05,-0.02034
1.86686686687,2.98e-05,-0.02034
1.87187187187,2.99e-05,-0.02034
1.87687687688,2.99e-05,-0.02034
1.88188188188,2.99e-05,-0.02034
1.88688688689,2.99e-05,-0.02034
1.89189189189,2.99e-05,-0.02034
1.8968968969,3e-05,-0.02034
1.9019019019,3e-05,-0.02034
1.90690690691,3e-05,-0.02034
1.91191191191,3e-05,-0.02034
1.91691691692,3.01e-05,-0.02034
1.92192192192,3.01e-05,-0.02034
1.92692692693,3.01e-05,-0.02034
1.93193193193,3.01e-05,-0.02034
1.93693693694,3.01e-05,-0.02034
1.94194194194,3.01e-05,-0.02034
1.94694694695,3.02e-05,-0.02034
1.95195195195,3.02e-05,-0.02034
1.95695695696,3.02e-05,-0.02034
1.96196196196,3.02e-05,-0.02034
1.96696696697,3.02e-05,-0.02034
1.97197197197,3.03e-05,-0.02034
1.97697697698,3.03e-05,-0.02034
1.98198198198,3.03e-05,-0.02034
1.98698698699,3.03e-05,-0.02034
1.99199199199,3.04e-05,-0.02034
1.996996997,3.04e-05,-0.02034
2.002002002,3.04e-05,-0.02034
2.00700700701,3.04e-05,-0.02034
2.01201201201,3.04e-05,-0.02034
2.01701701702,3.05e-05,-0.02034
2.02202202202,3.05e-05,-0.02034
2.02702702703,3.05e-05,-0.02034
2.03203203203,3.05e-05,-0.02034
2.03703703704,3.05e-05,-0.02034
2.04204204204,3.06e-05,-0.02034
2.04704704705,3.06e-05,-0.02034
2.05205205205,3.06e-05,-0.02034
2.05705705706,3.06e-05,-0.02034
2.06206206206,3.06e-05,-0.02034
2.06706706707,3.07e-05,-0.02034
2.07207207207,3.07e-05,-0.02034
2.07707707708,3.07e-05,-0.02034
2.08208208208,3.07e-05,-0.02034
2.08708708709,3.07e-05,-0.02034
2.09209209209,3.08e-05,-0.02034
2.0970970971,3.08e-05,-0.02034
2.1021021021,3.08e-05,-0.02034
2.10710710711,3.08e-05,-0.02034
2.11211211211,3.09e-05,-0.02034
2.11711711712,3.09e-05,-0.02034
2.12212212212,3.09e-05,-0.02034
2.12712712713,3.09e-05,-0.02034
2.13213213213,3.09e-05,-0.02034
2.13713713714,3.1e-05,-0.02034
2.14214214214,3.1e-05,-0.02034
2.14714714715,3.1e-05,-0.02034
2.15215215215,3.1e-05,-0.02034
2.15715715716,3.1e-05,-0.02034
2.16216216216,3.1e-05,-0.02034
2.16716716717,3.11e-05,-0.02034
2.17217217217,3.11e-05,-0.02034
2.17717717718,3.11e-05,-0.02034
2.18218218218,3.11e-05,-0.02034
2.18718718719,3.12e-05,-0.02034
2.19219219219,3.12e-05,-0.02034
2.1971971972,3.12e-05,-0.02034
2.2022022022,3.12e-05,-0.02034
2.20720720721,3.12e-05,-0.02034
2.21221221221,3.13e-05,-0.02034
2.21721721722,3.13e-05,-0.02034
2.22222222222,3.13e-05,-0.02034
2.22722722723,3.13e-05,-0.02034
2.23223223223,3.14e-05,-0.02034
2.23723723724,3.14e-05,-0.02034
2.24224224224,3.14e-05,-0.02034
2.24724724725,3.14e-05,-0.02034
2.25225225225,3.14e-05,-0.02034
2.25725725726,3.14e-05,-0.02034
2.26226226226,3.15e-05,-0.02034
2.26726726727,3.15e-05,-0.02034
2.27227227227,3.15e-05,-0.02034
2.27727727728,3.15e-05,-0.02034
2.28228228228,3.15e-05,-0.02034
2.28728728729,3.16e-05,-0.02034
2.29229229229,3.16e-05,-0.02034
2.2972972973,3.16e-05,-0.02034
2.3023023023,3.16e-05,-0.02034
2.30730730731,3.17e-05,-0.02034
2.31231231231,3.17e-05,-0.02034
2.31731731732,3.17e-05,-0.02034
2.32232232232,3.17e-05,-0.02034
2.32732732733,3.17e-05,-0.02034
2.33233233233,3.17e-05,-0.02034
2.33733733734,3.18e-05,-0.02034
2.34234234234,3.18e-05,-0.02034
2.34734734735,3.18e-05,-0.02034
2.35235235235,3.18e-05,-0.02034
2.35735735736,3.19e-05,-0.02034
2.36236236236,3.19e-05,-0.02034
2.36736736737,3.19e-05,-0.02034
2.37237237237,3.19e-05,-0.02034
2.37737737738,3.2e-05,-0.02034
2.38238238238,3.2e-05,-0.02034
2.38738738739,3.2e-05,-0.02034
2.39239239239,3.2e-05,-0.02034
2.3973973974,3.2e-05,-0.02034
2.4024024024,3.2e-05,-0.02034
2.40740740741,3.21e-05,-0.02034
2.41241241241,3.21e-05,-0.02034
2.41741741742,3.21e-05,-0.02034
2.42242242242,3.21e-05,-0.02034
2.42742742743,3.21e-05,-0.02034
2.43243243243,3.22e-05,-0.02034
2.43743743744,3.22e-05,-0.02034
2.44244244244,3.22e-05,-0.02034
2.44744744745,3.22e-05,-0.02034
2.45245245245,3.22e-05,-0.02034
2.45745745746,3.23e-05,-0.02034
2.46246246246,3.23e-05,-0.02034
2.46746746747,3.23e-05,-0.02034
2.47247247247,3.23e-05,-0.02034
2.47747747748,3.23e-05,-0.02034
2.48248248248,3.24e-05,-0.02034
2.48748748749,3.24e-05,-0.02034
2.49249249249,3.24e-05,-0.02034
2.4974974975,3.24e-05,-0.02034
2.5025025025,3.25e-05,-0.02034
2.50750750751,3.25e-05,-0.02034
2.51251251251,3.25e-05,-0.02034
2.51751751752,3.25e-05,-0.02034
2.52252252252,3.26e-05,-0.02034
2.52752752753,3.26e-05,-0.02034
2.53253253253,3.26e-05,-0.02034
2.53753753754,3.26e-05,-0.02034
2.54254254254,3.26e-05,-0.02034
2.54754754755,3.26e-05,-0.02034
2.55255255255,3.27e-05,-0.02034
2.55755755756,3.27e-05,-0.02034
2.56256256256,3.27e-05,-0.02034
2.56756756757,3.27e-05,-0.02034
2.57257257257,3.28e-05,-0.02034
2.57757757758,3.28e-05,-0.02034
2.58258258258,3.28e-05,-0.02034
2.58758758759,3.28e-05,-0.02034
2.59259259259,3.28e-05,-0.02034
2.5975975976,3.29e-05,-0.02034
2.6026026026,3.29e-05,-0.02034
2.60760760761,3.29e-05,-0.02034
2.61261261261,3.29e-05,-0.02034
2.61761761762,3.29e-05,-0.02034
2.62262262262,3.3e-05,-0.02034
2.62762762763,3.3e-05,-0.02034
2.63263263263,3.3e-05,-0.02034
2.63763763764,3.3e-05,-0.02034
2.64264264264,3.3e-05,-0.02034
2.64764764765,3.31e-05,-0.02034
2.65265265265,3.31e-05,-0.02034
2.65765765766,3.31e-05,-0.02034
2.66266266266,3.31e-05,-0.02034
2.66766766767,3.31e-05,-0.02034
2.67267267267,3.32e-05,-0.02034
2.67767767768,3.32e-05,-0.02034
2.68268268268,3.32e-05,-0.02034
2.68768768769,3.32e-05,-0.02034
2.69269269269,3.33e-05,-0.02034
2.6976976977,3.33e-05,-0.02034
2.7027027027,3.33e-05,-0.02034
2.70770770771,3.33e-05,-0.02034
2.71271271271,3.33e-05,-0.02034
2.71771771772,3.34e-05,-0.02034
2.72272272272,3.34e-05,-0.02034
2.72772772773,3.34e-05,-0.02034
2.73273273273,3.34e-05,-0.02034
2.73773773774,3.34e-05,-0.02034
2.74274274274,3.35e-05,-0.02034
2.74774774775,3.35e-05,-0.02034
2.75275275275,3.35e-05,-0.02034
2.75775775776,3.35e-05,-0.02034
2.76276276276,3.36e-05,-0.02034
2.76776776777,3.36e-05,-0.02034
2.77277277277,3.36e-05,-0.02034
2.77777777778,3.36e-05,-0.02034
2.78278278278,3.37e-05,-0.02034
2.78778778779,3.37e-05,-0.02034
2.79279279279,3.37e-05,-0.02034
2.7977977978,3.37e-05,-0.02034
2.8028028028,3.37e-05,-0.02034
2.80780780781,3.37e-05,-0.02034
2.81281281281,3.38e-05,-0.02034
2.81781781782,3.38e-05,-0.02034
2.82282282282,3.38e-05,-0.02034
2.82782782783,3.38e-05,-0.02034
2.83283283283,3.39e-05,-0.02034
2.83783783784,3.39e-05,-0.02034
2.84284284284,3.39e-05,-0.02034
2.84784784785,3.39e-05,-0.02034
2.85285285285,3.39e-05,-0.02034
2.85785785786,3.4e-05,-0.02034
2.86286286286,3.4e-05,-0.02034
2.86786786787,3.4e-05,-0.02034
2.87287287287,3.4e-05,-0.02034
2.87787787788,3.41e-05,-0.02034
2.88288288288,3.41e-05,-0.02034
2.88788788789,3.41e-05,-0.02034
2.89289289289,3.41e-05,-0.02034
2.8978978979,3.42e-05,-0.02034
2.9029029029,3.42e-05,-0.02034
2.90790790791,3.42e-05,-0.02034
2.91291291291,3.42e-05,-0.02034
2.91791791792,3.42e-05,-0.02034
2.92292292292,3.43e-05,-0.02034
2.92792792793,3.43e-05,-0.02034
2.93293293293,3.43e-05,-0.02034
2.93793793794,3.43e-05,-0.02034
2.94294294294,3.44e-05,-0.02034
2.94794794795,3.44e-05,-0.02034
2.95295295295,3.44e-05,-0.02034
2.95795795796,3.44e-05,-0.02034
2.96296296296,3.44e-05,-0.02034
2.96796796797,3.45e-05,-0.02034
2.97297297297,3.45e-05,-0.02034
2.97797797798,3.45e-05,-0.02034
2.98298298298,3.45e-05,-0.02034
2.98798798799,3.45e-05,-0.02034
2.99299299299,3.46e-05,-0.02034
2.997997998,3.46e-05,-0.02034
3.003003003,3.46e-05,-0.02034
3.00800800801,3.46e-05,-0.02034
3.01301301301,3.47e-05,-0.02034
3.01801801802,3.47e-05,-0.02034
3.02302302302,3.47e-05,-0.02034
3.02802802803,3.47e-05,-0.02034
3.03303303303,3.47e-05,-0.02034
3.03803803804,3.48e-05,-0.02034
3.04304304304,3.48e-05,-0.02034
3.04804804805,3.48e-05,-0.02034
3.05305305305,3.49e-05,-0.02034
3.05805805806,3.49e-05,-0.02034
3.06306306306,3.49e-05,-0.02034
3.06806806807,3.49e-05,-0.02034
3.07307307307,3.49e-05,-0.02034
3.07807807808,3.5e-05,-0.02034
3.08308308308,3.5e-05,-0.02034
3.08808808809,3.5e-05,-0.02034
3.09309309309,3.5e-05,-0.02034
3.0980980981,3.5e-05,-0.02034
3.1031031031,3.51e-05,-0.02034
3.10810810811,3.51e-05,-0.02034
3.11311311311,3.51e-05,-0.02034
3.11811811812,3.52e-05,-0.02034
3.12312312312,3.52e-05,-0.02034
3.12812812813,3.52e-05,-0.02034
3.13313313313,3.52e-05,-0.02034
3.13813813814,3.52e-05,-0.02034
3.14314314314,3.53e-05,-0.02034
3.14814814815,3.53e-05,-0.02034
3.15315315315,3.53e-05,-0.02034
3.15815815816,3.53e-05,-0.02034
3.16316316316,3.54e-05,-0.02034
3.16816816817,3.54e-05,-0.02034
3.17317317317,3.54e-05,-0.02034
3.17817817818,3.54e-05,-0.02034
3.18318318318,3.54e-05,-0.02034
3.18818818819,3.55e-05,-0.02034
3.19319319319,3.55e-05,-0.02034
3.1981981982,3.55e-05,-0.02034
3.2032032032,3.55e-05,-0.02034
3.20820820821,3.56e-05,-0.02034
3.21321321321,3.56e-05,-0.02034
3.21821821822,3.56e-05,-0.02034
3.22322322322,3.56e-05,-0.02034
3.22822822823,3.57e-05,-0.02034
3.23323323323,3.57e-05,-0.02034
3.23823823824,3.57e-05,-0.02034
3.24324324324,3.57e-05,-0.02034
3.24824824825,3.58e-05,-0.02034
3.25325325325,3.58e-05,-0.02034
3.25825825826,3.58e-05,-0.02034
3.26326326326,3.58e-05,-0.02034
3.26826826827,3.58e-05,-0.02034
3.27327327327,3.59e-05,-0.02034
3.27827827828,3.59e-05,-0.02034
3.28328328328,3.59e-05,-0.02034
3.28828828829,3.59e-05,-0.02034
3.29329329329,3.6e-05,-0.02034
3.2982982983,3.6e-05,-0.02034
3.3033033033,3.6e-05,-0.02034
3.30830830831,3.61e-05,-0.02034
3.31331331331,3.61e-05,-0.02034
3.31831831832,3.61e-05,-0.02034
3.32332332332,3.61e-05,-0.02034
3.32832832833,3.62e-05,-0.02034
3.33333333333,3.62e-05,-0.02034
3.33833833834,3.62e-05,-0.02034
3.34334334334,3.62e-05,-0.02034
3.34834834835,3.62e-05,-0.02034
3.35335335335,3.62e-05,-0.02034
3.35835835836,3.63e-05,-0.02034
3.36336336336,3.63e-05,-0.02034
3.36836836837,3.63e-05,-0.02034
3.37337337337,3.64e-05,-0.02034
3.37837837838,3.64e-05,-0.02034
3.38338338338,3.64e-05,-0.02034
3.38838838839,3.64e-05,-0.02034
3.39339339339,3.64e-05,-0.02034
3.3983983984,3.65e-05,-0.02034
3.4034034034,3.65e-05,-0.02034
3.40840840841,3.65e-05,-0.02034
3.41341341341,3.65e-05,-0.02034
3.41841841842,3.66e-05,-0.02034
3.42342342342,3.66e-05,-0.02034
3.42842842843,3.66e-05,-0.02034
3.43343343343,3.66e-05,-0.02034
3.43843843844,3.66e-05,-0.02034
3.44344344344,3.67e-05,-0.02034
3.44844844845,3.67e-05,-0.02034
3.45345345345,3.67e-05,-0.02034
3.45845845846,3.68e-05,-0.02034
3.46346346346,3.68e-05,-0.02034
3.46846846847,3.68e-05,-0.02034
3.47347347347,3.68e-05,-0.02034
3.47847847848,3.68e-05,-0.02034
3.48348348348,3.69e-05,-0.02034
3.48848848849,3.69e-05,-0.02034
3.49349349349,3.69e-05,-0.02034
3.4984984985,3.7e-05,-0.02034
3.5035035035,3.7e-05,-0.02034
3.50850850851,3.7e-05,-0.02034
3.51351351351,3.7e-05,-0.02034
3.51851851852,3.7e-05,-0.02034
3.52352352352,3.71e-05,-0.02034
3.52852852853,3.71e-05,-0.02034
3.53353353353,3.71e-05,-0.02034
3.53853853854,3.71e-05,-0.02034
3.54354354354,3.72e-05,-0.02034
3.54854854855,3.72e-05,-0.02034
3.55355355355,3.72e-05,-0.02034
3.55855855856,3.73e-05,-0.02034
3.56356356356,3.73e-05,-0.02034
3.56856856857,3.73e-05,-0.02034
3.57357357357,3.73e-05,-0.02034
3.57857857858,3.74e-05,-0.02034
3.58358358358,3.74e-05,-0.02034
3.58858858859,3.74e-05,-0.02034
3.59359359359,3.74e-05,-0.02034
3.5985985986,3.75e-05,-0.02034
3.6036036036,3.75e-05,-0.02034
3.60860860861,3.75e-05,-0.02034
3.61361361361,3.76e-05,-0.02034
3.61861861862,3.76e-05,-0.02034
3.62362362362,3.76e-05,-0.02034
3.62862862863,3.76e-05,-0.02034
3.63363363363,3.77e-05,-0.02034
3.63863863864,3.77e-05,-0.02034
3.64364364364,3.77e-05,-0.02034
3.64864864865,3.77e-05,-0.02034
3.65365365365,3.78e-05,-0.02034
3.65865865866,3.78e-05,-0.02034
3.66366366366,3.78e-05,-0.02034
3.66866866867,3.78e-05,-0.02034
3.67367367367,3.79e-05,-0.02034
3.67867867868,3.79e-05,-0.02034
3.68368368368,3.79e-05,-0.02034
3.68868868869,3.79e-05,-0.02034
3.69369369369,3.8e-05,-0.02034
3.6986986987,3.8e-05,-0.02034
3.7037037037,3.8e-05,-0.02034
3.70870870871,3.8e-05,-0.02034
3.71371371371,3.81e-05,-0.02034
3.71871871872,3.81e-05,-0.02034
3.72372372372,3.81e-05,-0.02034
3.72872872873,3.81e-05,-0.02034
3.73373373373,3.82e-05,-0.02034
3.73873873874,3.82e-05,-0.02034
3.74374374374,3.82e-05,-0.02034
3.74874874875,3.82e-05,-0.02034
3.75375375375,3.83e-05,-0.02034
3.75875875876,3.83e-05,-0.02034
3.76376376376,3.83e-05,-0.02034
3.76876876877,3.84e-05,-0.02034
3.77377377377,3.84e-05,-0.02034
3.77877877878,3.84e-05,-0.02034
3.78378378378,3.85e-05,-0.02034
3.78878878879,3.85e-05,-0.02034
3.79379379379,3.85e-05,-0.02034
3.7987987988,3.85e-05,-0.02034
3.8038038038,3.86e-05,-0.02034
3.80880880881,3.86e-05,-0.02034
3.81381381381,3.86e-05,-0.02034
3.81881881882,3.86e-05,-0.02034
3.82382382382,3.87e-05,-0.02034
3.82882882883,3.87e-05,-0.02034
3.83383383383,3.87e-05,-0.02034
3.83883883884,3.88e-05,-0.02034
3.84384384384,3.88e-05,-0.02034
3.84884884885,3.88e-05,-0.02034
3.85385385385,3.89e-05,-0.02034
3.85885885886,3.89e-05,-0.02034
3.86386386386,3.89e-05,-0.02034
3.86886886887,3.9e-05,-0.02034
3.87387387387,3.9e-05,-0.02034
3.87887887888,3.9e-05,-0.02034
3.88388388388,3.9e-05,-0.02034
3.88888888889,3.91e-05,-0.02034
3.89389389389,3.91e-05,-0.02034
3.8988988989,3.91e-05,-0.02034
3.9039039039,3.91e-05,-0.02034
3.90890890891,3.92e-05,-0.02034
3.91391391391,3.92e-05,-0.02034
3.91891891892,3.93e-05,-0.02034
3.92392392392,3.93e-05,-0.02034
3.92892892893,3.93e-05,-0.02034
3.93393393393,3.94e-05,-0.02034
3.93893893894,3.94e-05,-0.02034
3.94394394394,3.94e-05,-0.02034
3.94894894895,3.94e-05,-0.02034
3.95395395395,3.95e-05,-0.02034
3.95895895896,3.95e-05,-0.02034
3.96396396396,3.95e-05,-0.02034
3.96896896897,3.96e-05,-0.02034
3.97397397397,3.96e-05,-0.02034
3.97897897898,3.97e-05,-0.02034
3.98398398398,3.97e-05,-0.02034
3.98898898899,3.97e-05,-0.02034
3.99399399399,3.97e-05,-0.02034
3.998998999,3.98e-05,-0.02034
4.004004004,3.99e-05,-0.02034
4.00900900901,3.99e-05,-0.02034
4.01401401401,4e-05,-0.02034
4.01901901902,4e-05,-0.02034
4.02402402402,4e-05,-0.02034
4.02902902903,4.01e-05,-0.02034
4.03403403403,4.01e-05,-0.02034
4.03903903904,4.02e-05,-0.02034
4.04404404404,4.02e-05,-0.02034
4.04904904905,4.03e-05,-0.02034
4.05405405405,4.03e-05,-0.02034
4.05905905906,4.04e-05,-0.02034
4.06406406406,4.04e-05,-0.02034
4.06906906907,4.05e-05,-0.02034
4.07407407407,4.05e-05,-0.02034
4.07907907908,4.06e-05,-0.02034
4.08408408408,4.07e-05,-0.02034
4.08908908909,4.07e-05,-0.02034
4.09409409409,4.08e-05,-0.02034
4.0990990991,4.09e-05,-0.02034
4.1041041041,4.1e-05,-0.02034
4.10910910911,4.1e-05,-0.02034
4.11411411411,4.11e-05,-0.02034
4.11911911912,4.12e-05,-0.02034
4.12412412412,4.13e-05,-0.02034
4.12912912913,4.14e-05,-0.02034
4.13413413413,4.15e-05,-0.02034
4.13913913914,4.16e-05,-0.02034
4.14414414414,4.18e-05,-0.02034
4.14914914915,4.19e-05,-0.02034
4.15415415415,4.2e-05,-0.02034
4.15915915916,4.21e-05,-0.02034
4.16416416416,4.23e-05,-0.02034
4.16916916917,4.25e-05,-0.02034
4.17417417417,4.26e-05,-0.02034
4.17917917918,4.28e-05,-0.02034
4.18418418418,4.3e-05,-0.02034
4.18918918919,4.32e-05,-0.02034
4.19419419419,4.33e-05,-0.02034
4.1991991992,4.36e-05,-0.02034
4.2042042042,4.38e-05,-0.02034
4.20920920921,4.4e-05,-0.02034
4.21421421421,4.42e-05,-0.02034
4.21921921922,4.45e-05,-0.02034
4.22422422422,4.47e-05,-0.02034
4.22922922923,4.5e-05,-0.02034
4.23423423423,4.52e-05,-0.02034
4.23923923924,4.55e-05,-0.02034
4.24424424424,4.58e-05,-0.02034
4.24924924925,4.61e-05,-0.02034
4.25425425425,4.64e-05,-0.02034
4.25925925926,4.68e-05,-0.02034
4.26426426426,4.71e-05,-0.02034
4.26926926927,4.74e-05,-0.02034
4.27427427427,4.78e-05,-0.02034
4.27927927928,4.82e-05,-0.02034
4.28428428428,4.86e-05,-0.02034
4.28928928929,4.9e-05,-0.02034
4.29429429429,4.93e-05,-0.02034
4.2992992993,4.98e-05,-0.02034
4.3043043043,5.02e-05,-0.02034
4.30930930931,5.06e-05,-0.02034
4.31431431431,5.11e-05,-0.02034
4.31931931932,5.15e-05,-0.02034
4.32432432432,5.2e-05,-0.02034
4.32932932933,5.25e-05,-0.02034
4.33433433433,5.3e-05,-0.02034
4.33933933934,5.35e-05,-0.02034
4.34434434434,5.4e-05,-0.02034
4.34934934935,5.46e-05,-0.02034
4.35435435435,5.51e-05,-0.02034
4.35935935936,5.57e-05,-0.02034
4.36436436436,5.63e-05,-0.02034
4.36936936937,5.69e-05,-0.02034
4.37437437437,5.74e-05,-0.02034
4.37937937938,5.8e-05,-0.02034
4.38438438438,5.86e-05,-0.02034
4.38938938939,5.93e-05,-0.02034
4.39439439439,6e-05,-0.02034
4.3993993994,6.06e-05,-0.02034
4.4044044044,6.13e-05,-0.02034
4.40940940941,6.2e-05,-0.02034
4.41441441441,6.27e-05,-0.02034
4.41941941942,6.34e-05,-0.02034
4.42442442442,6.42e-05,-0.02034
4.42942942943,6.49e-05,-0.02034
4.43443443443,6.57e-05,-0.02034
4.43943943944,6.64e-05,-0.02034
4.44444444444,6.73e-05,-0.02034
4.44944944945,6.81e-05,-0.02034
4.45445445445,6.89e-05,-0.02034
4.45945945946,6.98e-05,-0.02034
4.46446446446,7.07e-05,-0.02034
4.46946946947,7.16e-05,-0.02034
4.47447447447,7.26e-05,-0.02034
4.47947947948,7.36e-05,-0.02034
4.48448448448,7.46e-05,-0.02034
4.48948948949,7.57e-05,-0.02034
4.49449449449,7.68e-05,-0.02034
4.4994994995,7.8e-05,-0.02034
4.5045045045,7.92e-05,-0.02034
4.50950950951,8.05e-05,-0.02034
4.51451451451,8.19e-05,-0.02034
4.51951951952,8.34e-05,-0.02034
4.52452452452,8.49e-05,-0.02034
4.52952952953,8.66e-05,-0.02034
4.53453453453,8.84e-05,-0.02034
4.53953953954,9.02e-05,-0.02034
4.54454454454,9.24e-05,-0.02034
4.54954954955,9.46e-05,-0.02034
4.55455455455,9.69e-05,-0.02034
4.55955955956,9.94e-05,-0.02034
4.56456456456,0.0001022,-0.02034
4.56956956957,0.0001052,-0.02034
4.57457457457,0.0001082,-0.02034
4.57957957958,0.0001117,-0.02034
4.58458458458,0.0001155,-0.02034
4.58958958959,0.0001195,-0.02034
4.59459459459,0.0001239,-0.02034
4.5995995996,0.0001285,-0.02034
4.6046046046,0.0001334,-0.02034
4.60960960961,0.0001387,-0.02034
4.61461461461,0.0001448,-0.02034
4.61961961962,0.0001511,-0.02034
4.62462462462,0.000158,-0.02034
4.62962962963,0.0001651,-0.02034
4.63463463463,0.0001728,-0.02034
4.63963963964,0.0001817,-0.02034
4.64464464464,0.0001906,-0.02034
4.64964964965,0.0002003,-0.02034
4.65465465465,0.000219,-0.02034
4.65965965966,0.000231,-0.02034
4.66466466466,0.000245,-0.02034
4.66966966967,0.000259,-0.02034
4.67467467467,0.000274,-0.02034
4.67967967968,0.000292,-0.02034
4.68468468468,0.00031,-0.02034
4.68968968969,0.00033,-0.02034
4.69469469469,0.00035,-0.02034
4.6996996997,0.000374,-0.02034
4.7047047047,0.000398,-0.02034
4.70970970971,0.000424,-0.02034
4.71471471471,0.000451,-0.02034
4.71971971972,0.000479,-0.02034
4.72472472472,0.000511,-0.02034
4.72972972973,0.000543,-0.02034
4.73473473473,0.000577,-0.02034
4.73973973974,0.000614,-0.02034
4.74474474474,0.000653,-0.02034
4.74974974975,0.000692,-0.02034
4.75475475475,0.000733,-0.02034
4.75975975976,0.000776,-0.02034
4.76476476476,0.000819,-0.02034
4.76976976977,0.000863,-0.02034
4.77477477477,0.000909,-0.02034
4.77977977978,0.000957,-0.02034
4.78478478478,0.001004,-0.02034
4.78978978979,0.001054,-0.02034
4.79479479479,0.001106,-0.02034
4.7997997998,0.001158,-0.02034
4.8048048048,0.001216,-0.02034
4.80980980981,0.00127,-0.02034
4.81481481481,0.001327,-0.02034
4.81981981982,0.001386,-0.02034
4.82482482482,0.001445,-0.02034
4.82982982983,0.001505,-0.02034
4.83483483483,0.001564,-0.02034
4.83983983984,0.001623,-0.02034
4.84484484484,0.001684,-0.02034
4.84984984985,0.00175,-0.02034
4.85485485485,0.00181,-0.02034
4.85985985986,0.001874,-0.02034
4.86486486486,0.001936,-0.02034
4.86986986987,0.002,-0.02034
4.87487487487,0.00212,-0.02034
4.87987987988,0.00218,-0.02034
4.88488488488,0.00225,-0.02034
4.88988988989,0.00232,-0.02034
4.89489489489,0.00238,-0.02034
4.8998998999,0.00245,-0.02034
4.9049049049,0.00253,-0.02034
4.90990990991,0.00259,-0.02034
4.91491491491,0.00266,-0.02034
4.91991991992,0.00273,-0.02034
4.92492492492,0.00281,-0.02034
4.92992992993,0.00287,-0.02034
4.93493493493,0.00295,-0.02034
4.93993993994,0.00302,-0.02034
4.94494494494,0.00309,-0.02034
4.94994994995,0.00317,-0.02034
4.95495495495,0.00324,-0.02034
4.95995995996,0.00331,-0.02034
4.96496496496,0.00339,-0.02034
4.96996996997,0.00346,-0.02034
4.97497497497,0.00354,-0.02034
4.97997997998,0.00361,-0.02034
4.98498498498,0.00369,-0.02034
4.98998998999,0.00377,-0.02034
4.99499499499,0.00384,-0.02034
5.0,0.00392,-0.02034
